ID,CATEGORY,NAME,PHOTOURL,TAGS,STATUS
1,Chrysa,Winmill,cwinmill0@unesco.org,Female,available
2,Laird,Romain,lromain1@networkadvertising.org,Male,available
3,Gretta,Brea,gbrea2@princeton.edu,Female,available
4,Blair,D'Onisi,bdonisi3@sitemeter.com,Female,active
5,Anna-diane,Simonds,asimonds4@4shared.com,Female,active
6,Maynord,Maddaford,mmaddaford5@pinterest.com,Male,available
7,Horten,Causbey,hcausbey6@marriott.com,Genderfluid,available
8,Winnie,Muckley,wmuckley7@sohu.com,Non-binary,available
9,Jackquelin,Robardet,jrobardet8@g.co,Female,available
10,Siffre,Hatwell,shatwell9@nyu.edu,Male,active
11,Gert,Wethey,gwetheya@nydailynews.com,Female,active
12,Thaine,Widdup,twiddupb@w3.org,Male,available
13,Lesly,Copas,lcopasc@rediff.com,Female,available
14,Maridel,Sant,msantd@friendfeed.com,Female,active
15,Kaleena,Antham,kanthame@squarespace.com,Female,active
16,Talbot,Twelvetree,ttwelvetreef@mac.com,Male,active
17,Clara,Gresham,cgreshamg@edublogs.org,Female,available
18,Elsinore,Widger,ewidgerh@bloomberg.com,Female,active
19,Ramsey,Baack,rbaacki@newsvine.com,Male,active
20,Erie,Robjant,erobjantj@howstuffworks.com,Male,available
21,Cleavland,Lauret,clauretk@geocities.jp,Male,available
22,Gordan,Drakeford,gdrakefordl@walmart.com,Male,available
23,Brent,Bruck,bbruckm@feedburner.com,Male,active
24,Adiana,Picheford,apichefordn@fema.gov,Female,available
25,Kin,Bazelle,kbazelleo@mashable.com,Genderqueer,available
26,Keely,Woolston,kwoolstonp@amazon.com,Female,available
27,Tadeas,Wreakes,twreakesq@newyorker.com,Male,active
28,Adriaens,Brehaut,abrehautr@twitter.com,Female,available
29,Amby,Flounders,aflounderss@surveymonkey.com,Polygender,active
30,Marabel,Bridgstock,mbridgstockt@marriott.com,Female,available
31,Suzanne,Breewood,sbreewoodu@army.mil,Female,available
32,Terri-jo,Schild,tschildv@shinystat.com,Female,active
33,Valene,Shoveller,vshovellerw@nih.gov,Female,available
34,Bailey,Wagstaffe,bwagstaffex@xing.com,Male,available
35,Hamil,Heart,hhearty@home.pl,Male,active
36,Gottfried,Genthner,ggenthnerz@webnode.com,Male,available
37,Jarib,Mathevet,jmathevet10@infoseek.co.jp,Male,available
38,Roobbie,Manuely,rmanuely11@scribd.com,Female,active
39,Robina,Reditt,rreditt12@europa.eu,Female,available
40,Rudiger,Nudde,rnudde13@lulu.com,Male,active
41,Loy,Paramor,lparamor14@sbwire.com,Male,available
42,Faber,Matchett,fmatchett15@goo.ne.jp,Male,active
43,Suzi,Belsham,sbelsham16@smugmug.com,Female,active
44,Humfrid,Holywell,hholywell17@devhub.com,Male,available
45,Hilda,Commuzzo,hcommuzzo18@macromedia.com,Polygender,active
46,Zonnya,Lowle,zlowle19@cornell.edu,Female,available
47,Jehanna,Maps,jmaps1a@msn.com,Female,available
48,Aubert,Craker,acraker1b@army.mil,Male,active
49,Andras,Childers,achilders1c@devhub.com,Male,active
50,Benjy,Tummasutti,btummasutti1d@squarespace.com,Non-binary,active
51,Tomasine,Peppett,tpeppett1e@ca.gov,Female,available
52,Kaspar,Colton,kcolton1f@privacy.gov.au,Male,available
53,Mallory,Bartosek,mbartosek1g@bloomberg.com,Non-binary,active
54,Petronille,Mellanby,pmellanby1h@timesonline.co.uk,Female,active
55,Franklyn,Jeyness,fjeyness1i@java.com,Male,active
56,Eleni,Begbie,ebegbie1j@gov.uk,Female,available
57,Clemmy,Champkins,cchampkins1k@biblegateway.com,Agender,available
58,Wilek,Kreutzer,wkreutzer1l@washingtonpost.com,Male,active
59,Broddy,Balas,bbalas1m@economist.com,Male,active
60,Lynnett,Gibbeson,lgibbeson1n@sphinn.com,Female,active
61,Bevin,Battye,bbattye1o@sbwire.com,Male,available
62,Tanhya,Dunstan,tdunstan1p@icq.com,Female,active
63,Hank,Brennand,hbrennand1q@mashable.com,Male,active
64,Jonie,Mullord,jmullord1r@sciencedaily.com,Female,active
65,Trefor,Cummine,tcummine1s@go.com,Male,active
66,Terrijo,Filppetti,tfilppetti1t@mysql.com,Female,active
67,Lorry,Ferneley,lferneley1u@ucoz.ru,Male,available
68,Huberto,Arstall,harstall1v@wp.com,Male,available
69,Ethe,Stonhewer,estonhewer1w@myspace.com,Male,available
70,Roland,Pendlington,rpendlington1x@si.edu,Male,available
71,Gaelan,Kupisz,gkupisz1y@wordpress.com,Male,available
72,Nixie,Angear,nangear1z@illinois.edu,Female,available
73,Wendel,Youthed,wyouthed20@wp.com,Male,available
74,Conni,Hebborne,chebborne21@google.de,Female,active
75,Brody,Loeber,bloeber22@dailymotion.com,Male,active
76,Windham,Navein,wnavein23@dailymotion.com,Male,active
77,Colby,Saintsbury,csaintsbury24@youtube.com,Non-binary,active
78,Rosalynd,Ruffell,rruffell25@moonfruit.com,Female,available
79,Quintin,Astridge,qastridge26@dell.com,Polygender,available
80,Fidelia,Axelbey,faxelbey27@irs.gov,Female,active
81,Theadora,Minithorpe,tminithorpe28@freewebs.com,Female,active
82,Lucy,Carlan,lcarlan29@dailymotion.com,Female,available
83,Jacinda,Amy,jamy2a@rambler.ru,Female,available
84,Cindelyn,Hollington,chollington2b@t.co,Female,active
85,Michale,Larder,mlarder2c@nps.gov,Male,available
86,Gayleen,Posselt,gposselt2d@answers.com,Polygender,available
87,Gil,O'Donnelly,godonnelly2e@skyrock.com,Male,available
88,Spike,Bomb,sbomb2f@delicious.com,Male,active
89,Lynett,Gething,lgething2g@nsw.gov.au,Genderqueer,active
90,Sullivan,Leftley,sleftley2h@newyorker.com,Polygender,available
91,Cornie,Gavrielly,cgavrielly2i@github.com,Male,active
92,Kalinda,Slimon,kslimon2j@e-recht24.de,Female,available
93,Sibley,Bliss,sbliss2k@prweb.com,Non-binary,active
94,Irina,Folkes,ifolkes2l@unesco.org,Female,available
95,Deonne,De Avenell,ddeavenell2m@meetup.com,Bigender,available
96,Lucinda,Brine,lbrine2n@yandex.ru,Female,available
97,Chrotoem,Ivanishin,civanishin2o@wsj.com,Male,active
98,Arnold,Winson,awinson2p@wikimedia.org,Male,available
99,Terry,Chessun,tchessun2q@bloglovin.com,Female,available
100,Brady,Dollin,bdollin2r@github.io,Male,active
