ID,USERNAME,FIRSTNAME,LASTNAME,EMAIL,PASSWORD,PHONE,status
1,cbohje0,Costanza,Bohje,cbohje0@oaic.gov.au,D3TIIg6tg,196.70.71.100,active
2,ntarry1,Natasha,Tarry,ntarry1@vimeo.com,kdAChSBD2qPU,150.123.117.200,available
3,lstowte2,Loella,Stowte,lstowte2@theglobeandmail.com,rrBsxJkNFJt2,108.211.202.84,available
4,fmacclay3,Francesco,MacClay,fmacclay3@google.pl,tXNzPETDIdu,123.82.49.230,available
5,ffaulo4,Felecia,Faulo,ffaulo4@harvard.edu,PlUwJO6I,132.143.11.164,active
6,gothen5,Georgina,Othen,gothen5@jalbum.net,aM2CaqBNkT,18.36.241.220,available
7,klemarquand6,Kristel,Le Marquand,klemarquand6@bluehost.com,ZkSBzOvIE,223.86.25.161,active
8,asparling7,Alissa,Sparling,asparling7@harvard.edu,Ndr0zPj85iD,163.9.208.44,available
9,schina8,Saba,China,schina8@nymag.com,4ONuIKJii4s,184.20.142.184,active
10,aould9,Artair,Ould,aould9@hatena.ne.jp,xbu7r8fK,56.35.88.201,active
11,skempsona,Sergei,Kempson,skempsona@mozilla.com,4wQ9Nf,23.126.39.115,available
12,rtawtonb,Rae,Tawton,rtawtonb@artisteer.com,MVNph2Xy,120.32.222.145,available
13,bdebellc,Brendis,De Bell,bdebellc@hexun.com,AxyExJ9Jr,112.87.196.43,active
14,msimysond,Mariann,Simyson,msimysond@epa.gov,Q4vnSuU0yOXy,238.201.9.239,active
15,edouglase,Elbertine,Douglas,edouglase@bbc.co.uk,x2YC6G7TENC,27.114.232.144,active